<?xml version="1.0" encoding="ISO-8859-1"?>
<CUSTOMER>
    <data>
      <CUSTOMERID>101</CUSTOMERID>
      <NAME>Robert</NAME>
      <NUMBER>9082546874</NUMBER>
      <EMAIL>robert@gmail>com</EMAIL>
      <CITY>Mumbai</CITY>
    </data>

    <data>
      <CUSTOMERID>102</CUSTOMERID>
      <NAME>Saket Sharma</NAME>
      <NUMBER>908254656</NUMBER>
      <EMAIL>saketst@grediff.com</EMAIL>
      <CITY>Pune</CITY>
    </data>

    <data>
      <CUSTOMERID>103</CUSTOMERID>
      <NAME>Raksha</NAME>
      <NUMBER>90825478412</NUMBER>
      <EMAIL>raksha@gmail>com</EMAIL>
      <CITY>Mumbai</CITY>
    </data>

    <data>
      <CUSTOMERID>104</CUSTOMERID>
      <NAME>Adarsh</NAME>
      <NUMBER>9082544485</NUMBER>
      <EMAIL>adarsh@gmail>com</EMAIL>
      <CITY>Mumbai</CITY>
    </data>

    <data>
      <CUSTOMERID>105</CUSTOMERID>
      <NAME>Kavya</NAME>
      <NUMBER>9082546895</NUMBER>
      <EMAIL>kavya@rediff>com</EMAIL>
      <CITY>Pune</CITY>
    </data>

    <data>
      <CUSTOMERID>101</CUSTOMERID>
      <NAME>Robert</NAME>
      <NUMBER>9082546874</NUMBER>
      <EMAIL>robert@gmail>com</EMAIL>
      <CITY>Mumbai</CITY>
    </data>

    <data>
      <CUSTOMERID>101</CUSTOMERID>
      <NAME>Robert</NAME>
      <NUMBER>9082546874</NUMBER>
      <EMAIL>robert@gmail>com</EMAIL>
      <CITY>Mumbai</CITY>
    </data>
</CUSTOMER>